[{"model": "main.seller", "pk": 4, "fields": {"user": 5, "itn": "", "avatar": "default.jpg", "phone": ""}}, {"model": "main.seller", "pk": 5, "fields": {"user": 6, "itn": "", "avatar": "default.jpg", "phone": ""}}, {"model": "main.seller", "pk": 6, "fields": {"user": 7, "itn": "", "avatar": "default.jpg", "phone": ""}}, {"model": "main.seller", "pk": 7, "fields": {"user": 1, "itn": "7743880975", "avatar": "default.jpg", "phone": "+79964280661"}}, {"model": "main.seller", "pk": 8, "fields": {"user": 22, "itn": "7743880975", "avatar": "default.jpg", "phone": "+79964280661"}}, {"model": "main.category", "pk": 11, "fields": {"creation_date": "2021-10-25T09:55:06.560Z", "update_date": "2021-10-25T09:55:06.567Z", "title": "test category 0", "slug": "test-category-0"}}, {"model": "main.category", "pk": 12, "fields": {"creation_date": "2021-10-25T09:55:06.560Z", "update_date": "2021-10-25T09:55:06.567Z", "title": "test category 1", "slug": "test-category-1"}}, {"model": "main.category", "pk": 13, "fields": {"creation_date": "2021-10-25T09:55:06.560Z", "update_date": "2021-10-25T09:55:06.567Z", "title": "test category 2", "slug": "test-category-2"}}, {"model": "main.category", "pk": 14, "fields": {"creation_date": "2021-10-25T09:55:06.560Z", "update_date": "2021-10-25T09:55:06.567Z", "title": "test category 3", "slug": "test-category-3"}}, {"model": "main.category", "pk": 15, "fields": {"creation_date": "2021-10-25T09:55:06.560Z", "update_date": "2021-10-25T09:55:06.567Z", "title": "test category 4", "slug": "test-category-4"}}, {"model": "main.category", "pk": 16, "fields": {"creation_date": "2021-10-25T09:55:06.560Z", "update_date": "2021-10-25T09:55:06.567Z", "title": "test category 5", "slug": "test-category-5"}}, {"model": "main.category", "pk": 17, "fields": {"creation_date": "2021-10-25T09:55:06.560Z", "update_date": "2021-10-25T09:55:06.567Z", "title": "test category 6", "slug": "test-category-6"}}, {"model": "main.category", "pk": 18, "fields": {"creation_date": "2021-10-25T09:55:06.560Z", "update_date": "2021-10-25T09:55:06.567Z", "title": "test category 7", "slug": "test-category-7"}}, {"model": "main.category", "pk": 19, "fields": {"creation_date": "2021-10-25T09:55:06.560Z", "update_date": "2021-10-25T09:55:06.567Z", "title": "test category 8", "slug": "test-category-8"}}, {"model": "main.category", "pk": 20, "fields": {"creation_date": "2021-10-25T09:55:06.560Z", "update_date": "2021-10-25T09:55:06.567Z", "title": "test category 9", "slug": "test-category-9"}}, {"model": "main.tag", "pk": 21, "fields": {"creation_date": "2021-10-25T09:55:00.602Z", "update_date": "2021-10-27T13:39:23.860Z", "title": "test tag 0", "slug": "test-tag-0"}}, {"model": "main.tag", "pk": 22, "fields": {"creation_date": "2021-10-25T09:55:00.602Z", "update_date": "2021-10-27T13:39:23.914Z", "title": "test tag 1", "slug": "test-tag-1"}}, {"model": "main.tag", "pk": 23, "fields": {"creation_date": "2021-10-25T09:55:00.602Z", "update_date": "2021-10-27T13:39:23.920Z", "title": "test tag 2", "slug": "test-tag-2"}}, {"model": "main.tag", "pk": 24, "fields": {"creation_date": "2021-10-25T09:55:00.602Z", "update_date": "2021-10-27T13:39:23.928Z", "title": "test tag 3", "slug": "test-tag-3"}}, {"model": "main.tag", "pk": 25, "fields": {"creation_date": "2021-10-25T09:55:00.602Z", "update_date": "2021-10-27T13:39:23.934Z", "title": "test tag 4", "slug": "test-tag-4"}}, {"model": "main.tag", "pk": 26, "fields": {"creation_date": "2021-10-25T09:55:00.602Z", "update_date": "2021-10-27T13:39:23.941Z", "title": "test tag 5", "slug": "test-tag-5"}}, {"model": "main.tag", "pk": 27, "fields": {"creation_date": "2021-10-25T09:55:00.602Z", "update_date": "2021-10-27T13:39:23.947Z", "title": "test tag 6", "slug": "test-tag-6"}}, {"model": "main.tag", "pk": 28, "fields": {"creation_date": "2021-10-25T09:55:00.602Z", "update_date": "2021-10-27T13:39:23.953Z", "title": "test tag 7", "slug": "test-tag-7"}}, {"model": "main.tag", "pk": 29, "fields": {"creation_date": "2021-10-25T09:55:00.602Z", "update_date": "2021-10-27T13:39:23.960Z", "title": "test tag 8", "slug": "test-tag-8"}}, {"model": "main.tag", "pk": 30, "fields": {"creation_date": "2021-10-25T09:55:00.602Z", "update_date": "2021-10-27T13:39:23.966Z", "title": "test tag 9", "slug": "test-tag-9"}}, {"model": "main.ad", "pk": 52, "fields": {"creation_date": "2021-10-24T13:07:57.577Z", "update_date": "2021-10-24T14:35:09.346Z", "title": "test ad 0 by test user 0", "description": "(\"this is test ad with tags: ['test tag 1', 'test tag 3', 'test tag 7']\",)", "category": 20, "seller": 4, "price": 0, "archive": true, "tags": [22, 24, 28]}}, {"model": "main.ad", "pk": 53, "fields": {"creation_date": "2021-10-24T13:07:57.647Z", "update_date": "2021-10-24T13:07:57.664Z", "title": "test ad 1 by test user 0", "description": "(\"this is test ad with tags: ['test tag 0', 'test tag 2', 'test tag 6', 'test tag 8']\",)", "category": 15, "seller": 4, "price": 0, "archive": false, "tags": [21, 23, 27, 29]}}, {"model": "main.ad", "pk": 54, "fields": {"creation_date": "2021-10-24T13:07:57.673Z", "update_date": "2021-10-24T13:07:57.694Z", "title": "test ad 2 by test user 0", "description": "(\"this is test ad with tags: ['test tag 0', 'test tag 1', 'test tag 2', 'test tag 3', 'test tag 6']\",)", "category": 15, "seller": 4, "price": 0, "archive": false, "tags": [21, 22, 23, 24, 27]}}, {"model": "main.ad", "pk": 55, "fields": {"creation_date": "2021-10-24T13:07:57.701Z", "update_date": "2021-10-24T13:07:57.715Z", "title": "test ad 3 by test user 0", "description": "(\"this is test ad with tags: ['test tag 2', 'test tag 4', 'test tag 6', 'test tag 9']\",)", "category": 20, "seller": 4, "price": 0, "archive": false, "tags": [23, 25, 27, 30]}}, {"model": "main.ad", "pk": 56, "fields": {"creation_date": "2021-10-24T13:07:57.720Z", "update_date": "2021-10-24T13:07:57.729Z", "title": "test ad 0 by test user 1", "description": "(\"this is test ad with tags: ['test tag 2', 'test tag 4', 'test tag 6', 'test tag 7', 'test tag 8']\",)", "category": 19, "seller": 5, "price": 0, "archive": false, "tags": [23, 25, 27, 28, 29]}}, {"model": "main.ad", "pk": 57, "fields": {"creation_date": "2021-10-24T13:07:57.733Z", "update_date": "2021-10-24T13:07:57.742Z", "title": "test ad 1 by test user 1", "description": "(\"this is test ad with tags: ['test tag 2', 'test tag 4', 'test tag 8']\",)", "category": 15, "seller": 5, "price": 0, "archive": false, "tags": [23, 25, 29]}}, {"model": "main.ad", "pk": 58, "fields": {"creation_date": "2021-10-24T13:07:57.747Z", "update_date": "2021-10-24T13:07:57.755Z", "title": "test ad 2 by test user 1", "description": "(\"this is test ad with tags: ['test tag 0', 'test tag 1', 'test tag 7', 'test tag 8', 'test tag 9']\",)", "category": 12, "seller": 5, "price": 0, "archive": false, "tags": [21, 22, 28, 29, 30]}}, {"model": "main.ad", "pk": 59, "fields": {"creation_date": "2021-10-24T13:07:57.760Z", "update_date": "2021-10-24T13:07:57.771Z", "title": "test ad 0 by test user 2", "description": "(\"this is test ad with tags: ['test tag 0', 'test tag 3', 'test tag 4', 'test tag 5', 'test tag 8']\",)", "category": 18, "seller": 6, "price": 0, "archive": false, "tags": [21, 24, 25, 26, 29]}}, {"model": "main.ad", "pk": 60, "fields": {"creation_date": "2021-10-24T13:07:57.778Z", "update_date": "2021-10-24T13:07:57.795Z", "title": "test ad 1 by test user 2", "description": "(\"this is test ad with tags: ['test tag 0', 'test tag 2', 'test tag 9']\",)", "category": 16, "seller": 6, "price": 0, "archive": false, "tags": [21, 23, 30]}}, {"model": "main.ad", "pk": 61, "fields": {"creation_date": "2021-10-24T13:07:57.802Z", "update_date": "2021-10-24T13:07:57.819Z", "title": "test ad 2 by test user 2", "description": "(\"this is test ad with tags: ['test tag 0', 'test tag 1', 'test tag 6', 'test tag 8']\",)", "category": 20, "seller": 6, "price": 0, "archive": false, "tags": [21, 22, 27, 29]}}, {"model": "main.ad", "pk": 62, "fields": {"creation_date": "2021-10-24T13:07:57.826Z", "update_date": "2021-10-24T13:07:57.843Z", "title": "test ad 3 by test user 2", "description": "(\"this is test ad with tags: ['test tag 0', 'test tag 2', 'test tag 4', 'test tag 8', 'test tag 9']\",)", "category": 14, "seller": 6, "price": 0, "archive": false, "tags": [21, 23, 25, 29, 30]}}, {"model": "main.ad", "pk": 63, "fields": {"creation_date": "2021-10-24T13:07:57.850Z", "update_date": "2021-10-24T13:07:57.867Z", "title": "test ad 4 by test user 2", "description": "(\"this is test ad with tags: ['test tag 0', 'test tag 1', 'test tag 5']\",)", "category": 19, "seller": 6, "price": 0, "archive": false, "tags": [21, 22, 26]}}, {"model": "main.ad", "pk": 90, "fields": {"creation_date": "2021-11-12T14:07:38.509Z", "update_date": "2021-11-12T14:31:58.589Z", "title": "123", "description": "123", "category": 11, "seller": 7, "price": 123, "archive": false, "tags": [22]}}, {"model": "main.ad", "pk": 92, "fields": {"creation_date": "2021-11-17T11:42:41.249Z", "update_date": "2021-11-17T11:42:41.249Z", "title": "adda", "description": "dasda", "category": 12, "seller": 7, "price": 321, "archive": false, "tags": [21]}}, {"model": "main.ad", "pk": 93, "fields": {"creation_date": "2021-11-17T13:56:17.262Z", "update_date": "2021-11-17T13:56:17.262Z", "title": "adsadas", "description": "dasdasdasd", "category": 11, "seller": 7, "price": 321, "archive": false, "tags": [21]}}, {"model": "main.ad", "pk": 94, "fields": {"creation_date": "2021-11-17T14:04:03.605Z", "update_date": "2021-11-17T14:04:03.605Z", "title": "ddasdadadasdasd", "description": "asddasdasdas", "category": 11, "seller": 7, "price": 321, "archive": false, "tags": [21]}}, {"model": "main.ad", "pk": 95, "fields": {"creation_date": "2021-11-17T14:08:59.663Z", "update_date": "2021-11-17T14:08:59.663Z", "title": "sadasdasdas", "description": "asdasdad", "category": 13, "seller": 7, "price": 321, "archive": false, "tags": [21]}}, {"model": "main.ad", "pk": 96, "fields": {"creation_date": "2021-11-17T14:13:16.198Z", "update_date": "2021-11-17T14:13:16.198Z", "title": "dsaasd", "description": "dsasd", "category": 13, "seller": 7, "price": 321, "archive": false, "tags": [21]}}, {"model": "main.ad", "pk": 97, "fields": {"creation_date": "2021-11-17T14:16:37.524Z", "update_date": "2021-11-17T14:16:37.524Z", "title": "Test", "description": "test", "category": 11, "seller": 7, "price": 213, "archive": false, "tags": [21]}}, {"model": "main.ad", "pk": 98, "fields": {"creation_date": "2021-11-17T14:17:39.967Z", "update_date": "2021-11-17T14:17:39.967Z", "title": "Test 1", "description": "asdsaas", "category": 13, "seller": 7, "price": 123, "archive": false, "tags": [21]}}, {"model": "main.picture", "pk": 13, "fields": {"ad": 90, "image": "ads_pictures/test_1oxpGB0.png"}}, {"model": "main.picture", "pk": 14, "fields": {"ad": 90, "image": ""}}, {"model": "main.picture", "pk": 15, "fields": {"ad": 90, "image": ""}}, {"model": "main.subscription", "pk": 1, "fields": {"title": "", "user": [1, 5, 6, 7]}}, {"model": "main.subscription", "pk": 2, "fields": {"title": "", "user": [1, 5]}}, {"model": "main.smslog", "pk": 1, "fields": {"seller": 7, "code": 8422, "sent_phone": "", "confirmed": true}}, {"model": "main.smslog", "pk": 2, "fields": {"seller": 8, "code": 4004, "sent_phone": "+79964280661", "confirmed": true}}]